Número del animal;Nombre del grupo;Número(s) de selección de animal;Estado de la reproducción;Días en ordeño;Edad en días;% de concentrado consumido ayer;Consumo de concentrado ayer;Fecha de parto esperada;Cons. Concentrado % Hoy;Consumo concentrado hoy;Nº Lactación;Ordeños Ayer;Número de inseminaciones;Días desde el último celo;Días preñada;Días para el parto;Fecha de parto esperada;Edad (a:mm);Media ordeños incompletos diarios últimos 7 días;Padre de la Madre - Semen;Producción de leche ayer;Producción media diaria últimos 7 días;Producción total hoy;Transponder ISO para Id;Madre progenitora, nombre del animal;Media ordeños incompletos diarios últimas 48 h.;Días abiertos;Número total de ordeños en 7 últimos días;Producción TOTAL en lactación;Intervalo de último parto;Padre de toro progenitor, ID/NRO de toro;Padre de toro progenitor, ID/NRO de toro;Edad (a:mm);Número de inseminaciones;Fecha de nacimiento;Fecha Inseminación fecundante;Producción desde 02/05/2025 hasta 03/05/2025;Producción desde 02/05/2025 hasta 02/05/2025;Hora última producción de leche;Producción ayer en la sesión 1
6157;SECAS;6;Seca;488;2161;0;;07/11/2025;;;3;;6;171;171;112;07/11/2025;5 y, 11 m;0.00;69701759;;;;999000000000098;;0.00;342;0.00;16945.99;406;;;5 y, 11 m;6;18/08/2019;28/01/2025;45.0;15.9;23/06/2025 07:02 a. m.;
1213;SECAS;6;Seca;294;1107;0;;29/10/2025;;;1;;2;180;180;103;29/10/2025;3 y, 0 m;0.00;69701759;;;;982000464364634;;0.00;139;0.00;6981.23;;;;3 y, 0 m;2;07/07/2022;19/01/2025;51.6;19.4;23/06/2025 02:51 p. m.;
2122;SECAS;6;Seca;269;1318;0;;18/10/2025;;;2;;1;191;191;92;18/10/2025;3 y, 7 m;0.14;8403008328673;;16.78;;982000464364543;;0.00;85;1.00;9845.21;344;;;3 y, 7 m;1;08/12/2021;08/01/2025;79.8;39.0;11/07/2025 01:10 p. m.;
1545;SECAS;6;Seca;437;1806;0;;18/10/2025;;;2;;7;191;191;92;18/10/2025;4 y, 12 m;0.00;;;;;982000464364407;;0.00;277;0.00;18053.91;515;;;4 y, 12 m;7;07/08/2020;08/01/2025;35.5;23.4;17/06/2025 09:24 a. m.;
1223;SECAS;6;Seca;397;1068;0;;07/10/2025;;;1;;4;202;202;81;07/10/2025;2 y, 11 m;0.00;69791511;;;;982000420235835;;0.00;224;0.00;11914.86;;;;2 y, 11 m;4;15/08/2022;28/12/2024;55.2;33.2;19/06/2025 08:48 a. m.;
1557;SECAS;6;Seca;551;1773;0;;06/10/2025;;;2;;9;203;203;80;06/10/2025;4 y, 10 m;0.00;71703339;;;;982000464364636;;0.00;377;0.00;25361.85;459;;;4 y, 10 m;9;09/09/2020;27/12/2024;42.1;19.0;19/06/2025 01:43 p. m.;
6252;SECAS;6;Seca;371;1850;0;;06/10/2025;;;3;;3;203;203;80;06/10/2025;5 y, 1 m;0.00;;;;;982000464364621;;0.00;199;0.00;13409.25;355;;;5 y, 1 m;3;24/06/2020;27/12/2024;39.7;23.7;17/06/2025 09:19 a. m.;
2069;SECAS;6;Seca;339;1523;0;;22/09/2025;;;2;;2;217;217;66;22/09/2025;4 y, 2 m;0.00;8403008328673;;;;982000464364633;;0.00;147;0.00;15912.06;438;;;4 y, 2 m;2;17/05/2021;13/12/2024;77.4;48.4;23/06/2025 06:36 a. m.;
5921;SECAS;6;Seca;268;2877;0;;14/09/2025;;;5;;1;225;225;58;14/09/2025;7 y, 11 m;0.00;;;;;982000420235492;;0.00;63;0.00;8951.04;529;;;7 y, 11 m;1;01/09/2017;05/12/2024;67.5;24.6;28/06/2025 07:13 a. m.;
6187;SECAS;6;Seca;355;2061;0;;13/09/2025;;;3;;3;226;226;57;13/09/2025;5 y, 8 m;0.00;;;;;982000464364564;;0.00;171;0.00;12100.42;605;;;5 y, 8 m;3;26/11/2019;04/12/2024;45.8;26.1;06/06/2025 12:45 a. m.;
1224;SECAS;6;Seca;336;1068;0;;10/09/2025;;;1;;2;229;229;54;10/09/2025;2 y, 11 m;0.00;71703339;;;;982000464364620;;0.00;136;0.00;10648.93;;;;2 y, 11 m;2;15/08/2022;01/12/2024;66.4;43.8;19/06/2025 08:56 a. m.;
2142;SECAS;6;Seca;473;1239;0;;10/09/2025;;;1;;5;229;229;54;10/09/2025;3 y, 5 m;0.00;69701759;;;;982000420235732;;0.00;286;0.00;16409.06;;;;3 y, 5 m;5;25/02/2022;01/12/2024;52.1;24.7;06/06/2025 08:53 a. m.;
2166;SECAS;6;Seca;359;1156;0;;07/09/2025;;;1;;4;232;232;51;07/09/2025;3 y, 2 m;0.00;8403124584794;;;;982000464364530;;0.00;196;0.00;9180.18;;;;3 y, 2 m;4;19/05/2022;28/11/2024;27.4;14.3;09/05/2025 12:32 p. m.;
1227;SECAS;6;Seca;307;1057;0;;03/09/2025;;;1;;2;236;236;47;03/09/2025;2 y, 11 m;0.00;8403132662986;;;;982000464364569;;0.00;96;0.00;10175.02;;;;2 y, 11 m;2;26/08/2022;24/11/2024;60.0;21.0;23/06/2025 02:46 p. m.;
8707;SECAS;6;Seca;292;998;0;;01/09/2025;;;1;;1;238;238;45;01/09/2025;2 y, 9 m;0.00;8403127422222;;;;982000464364643;;0.00;83;0.00;9538.67;;;;2 y, 9 m;1;24/10/2022;22/11/2024;57.1;19.7;19/06/2025 02:02 p. m.;
6098;SECAS;6;Seca;449;2384;0;;29/08/2025;;;4;;4;241;241;42;29/08/2025;6 y, 6 m;0.00;59014733;;;;982000464364522;;0.00;376;0.00;13894.07;329;;;6 y, 6 m;4;07/01/2019;19/11/2024;;;31/01/2025 01:59 p. m.;
1234;SECAS;6;Seca;250;1040;0;;24/08/2025;;;1;;1;246;246;37;24/08/2025;2 y, 10 m;0.00;;;;;982000464364438;ZANCUDO;0.00;81;0.00;7532.11;;;;2 y, 10 m;1;12/09/2022;14/11/2024;14.0;14.0;02/05/2025 02:09 p. m.;
1598;SECAS;6;Seca;377;1668;0;;21/08/2025;;;2;;3;249;249;34;21/08/2025;4 y, 7 m;0.00;70271449;;;;982000464364531;;0.00;205;0.00;14596.20;516;;;4 y, 7 m;3;23/12/2020;11/11/2024;15.5;15.5;02/05/2025 06:28 a. m.;
6241;SECAS;6;Seca;354;1892;0;;21/08/2025;;;3;;2;249;249;34;21/08/2025;5 y, 2 m;0.00;70071621;;;;982000464364616;;0.00;174;0.00;13626.99;402;;;5 y, 2 m;2;13/05/2020;11/11/2024;38.8;19.7;09/05/2025 12:47 p. m.;
6249;SECAS;6;Seca;453;1853;0;;20/08/2025;;;2;;4;250;250;33;20/08/2025;5 y, 1 m;0.00;71703339;;;;982000464364481;;0.00;280;0.00;17476.41;392;;;5 y, 1 m;4;21/06/2020;10/11/2024;18.7;18.7;02/05/2025 12:30 p. m.;
6177;SECAS;6;Seca;353;2081;0;;20/08/2025;;;3;;3;250;250;33;20/08/2025;5 y, 9 m;0.00;;;;;982000420235574;;0.00;180;0.00;12456.36;547;;;5 y, 9 m;3;06/11/2019;10/11/2024;8.4;8.4;02/05/2025 09:33 a. m.;
6160;SECAS;6;Seca;283;2154;0;;20/08/2025;;;3;;2;250;250;33;20/08/2025;5 y, 11 m;0.00;8403008328673;;;;982000464364412;;0.00;166;0.00;10329.35;485;;;5 y, 11 m;2;25/08/2019;10/11/2024;;;07/03/2025 09:19 a. m.;
1211;SECAS;6;Seca;303;1111;0;;18/08/2025;;;1;;2;252;252;31;18/08/2025;3 y, 1 m;0.00;8403127422222;;;;982000464364612;;0.00;128;0.00;11518.21;;;;3 y, 1 m;2;03/07/2022;08/11/2024;20.1;20.1;02/05/2025 02:30 p. m.;
2073;SECAS;6;Seca;355;1485;0;;13/08/2025;;;2;;3;257;257;26;13/08/2025;4 y, 1 m;0.00;8403131842689;;;;982000464364594;;0.00;175;0.00;13997.96;351;;;4 y, 1 m;3;24/06/2021;03/11/2024;9.8;9.8;02/05/2025 10:55 a. m.;
5704;SECAS;6;Seca;472;3610;0;;13/08/2025;;;6;;8;257;257;26;13/08/2025;9 y, 11 m;0.00;;;;;982000464364445;;0.00;407;0.00;14041.36;370;;;9 y, 11 m;8;30/08/2015;03/11/2024;;;07/01/2025 05:38 p. m.;
8702;SECAS;6;Seca;283;1015;0;;09/08/2025;;;1;;1;261;261;22;09/08/2025;2 y, 10 m;0.00;12529277;;;;982000458994308;;0.00;64;0.00;8521.70;;;;2 y, 10 m;1;07/10/2022;30/10/2024;62.9;37.6;06/06/2025 08:27 a. m.;
2124;SECAS;6;Seca;370;1311;0;;06/08/2025;;;1;;6;264;264;19;06/08/2025;3 y, 7 m;0.00;9204177121;;;;982000464364626;;0.00;298;0.00;7258.57;;;;3 y, 7 m;6;15/12/2021;27/10/2024;;;07/01/2025 08:29 a. m.;
6124;SECAS;6;Seca;285;2280;0;;06/08/2025;;;4;;2;264;264;19;06/08/2025;6 y, 3 m;0.00;69701759;;;;982000464364619;;0.00;105;0.00;8910.34;449;;;6 y, 3 m;2;21/04/2019;27/10/2024;;;25/04/2025 03:56 a. m.;
2165;SECAS;6;Seca;316;1158;0;;04/08/2025;;;1;;1;266;266;17;04/08/2025;3 y, 2 m;0.00;8403008328673;;;;982000464364486;LA COPETONA;0.00;97;0.00;11443.47;;;;3 y, 2 m;1;17/05/2022;25/10/2024;71.5;40.8;30/05/2025 09:55 a. m.;
1617;SECAS;6;Seca;269;1632;0;;04/08/2025;;;2;;1;266;266;17;04/08/2025;4 y, 6 m;0.00;69701759;;;;982000464364571;;0.00;87;0.00;10945.57;349;;;4 y, 6 m;1;28/01/2021;25/10/2024;;;25/04/2025 03:13 a. m.;
6050;SECAS;6;Seca;309;2497;0;;04/08/2025;;;4;;1;266;266;17;04/08/2025;6 y, 10 m;0.00;60597003;;;;982000464364595;;0.00;90;0.00;14170.09;531;;;6 y, 10 m;1;16/09/2018;25/10/2024;80.9;36.1;30/05/2025 09:49 a. m.;
1619;SECAS;6;Seca;338;1619;0;;30/07/2025;;;2;;5;271;271;12;30/07/2025;4 y, 5 m;0.00;8403006972816;;;;982000464364533;;0.00;276;0.00;11788.53;395;;;4 y, 5 m;5;10/02/2021;20/10/2024;;;21/12/2024 01:38 a. m.;
5981;SECAS;6;Seca;426;2738;0;;29/07/2025;;;4;;7;272;272;11;29/07/2025;7 y, 6 m;0.00;;;;;982000464364482;;0.00;346;0.00;17423.05;499;;;7 y, 6 m;7;18/01/2018;19/10/2024;;;07/01/2025 04:47 p. m.;
