Número del animal,DEL,Hora Inicio Ordeño,Ubre,DI,DD,TI,TD,MDI,Media OCC en los últimos 7 días,Última OCC (x 1000),MI>12,Media Interv. Ordeño,Éxito IO (h),DI,DD,TI,TD,DI,DD,TI,TD,DI,DD,TI,TD,DI,DD,TI,TD,DI,DD,TI,TD,RCS (x 1000),Fecha RCS,DI,DD,TI,TD,Fecha CMT,Notas,Fecha de Notas
1554,158,18/07/2025 07:53 a. m.,6,0,6,0,0,2.8,,,0,09:06,25,0,4,1,1,97,38,104,125,0,0,0,2,5.4,6.8,5.4,5.6,0,0,0,0,0,,,,,,,,
8771,4,18/07/2025 04:17 a. m.,6,2,0,0,0,2.6,,,4,14:00,7,0,0,0,0,124,101,108,152,1,0,0,1,5.1,5.0,4.7,4.1,1296,786,588,0,0,,,,,,,,
6178,264,17/07/2025 11:59 p. m.,6,0,0,6,0,2.4,,,5,13:05,22,0,1,0,0,90,5,95,140,1,2,1,0,5.0,0.0,5.9,4.7,0,0,0,0,0,,,,,,,,
2076,354,18/07/2025 06:08 a. m.,3,0,0,0,0,1.5,,,4,10:52,5,1,0,0,0,100,86,35,165,1,1,3,4,5.3,5.0,5.3,5.6,0,0,0,0,0,,,,,,,,
1624,335,18/07/2025 08:13 a. m.,1,0,0,0,0,1.5,,,2,10:37,3,0,1,0,0,95,93,104,94,1,0,1,0,5.0,5.4,5.3,5.7,0,0,0,0,0,,,,,,,Sensor de rumia: 7635826,05/07/2023
1233,359,18/07/2025 08:00 a. m.,0,0,0,1,0,1.3,,,1,09:11,3,0,0,1,0,101,108,200,115,0,1,1,3,4.6,4.6,5.7,4.6,0,0,0,0,0,,,,,,,,
6191,89,18/07/2025 10:14 a. m.,7,0,0,0,0,1.3,,,0,06:34,1,0,0,0,0,113,121,110,111,3,0,0,1,5.2,5.8,5.1,5.3,0,0,0,0,0,,,,,,,,
8777,42,18/07/2025 12:52 a. m.,0,0,0,1,0,1.3,,,2,09:36,10,1,0,2,0,146,130,76,128,2,0,2,0,4.3,4.4,5.2,4.3,0,0,0,0,0,,,,,,,,
2078,396,18/07/2025 08:19 a. m.,7,0,0,0,0,1.3,,,0,08:22,3,0,0,0,0,95,101,110,103,2,0,0,0,4.8,4.8,4.9,5.4,0,0,0,0,0,,,,,,,,
2080,302,18/07/2025 06:37 a. m.,0,0,0,0,0,1.2,,,4,12:06,4,0,0,0,0,96,105,93,114,0,0,0,0,5.1,5.0,5.1,5.2,0,0,0,0,0,,,,,,,,
1613,329,18/07/2025 08:47 a. m.,0,0,0,0,0,1.2,,,1,09:57,2,0,1,1,0,100,105,96,97,0,0,4,1,5.0,5.0,4.9,5.3,0,0,0,0,0,,,,,,,,
2090,372,18/07/2025 06:46 a. m.,0,0,0,0,0,1.2,,,6,12:52,4,0,0,0,0,103,94,96,97,3,1,0,0,5.3,5.0,5.1,5.2,0,0,0,0,0,,,,,,,,
8729,180,18/07/2025 07:29 a. m.,0,0,0,0,0,1.2,,,5,12:30,3,0,0,0,0,104,107,106,106,0,0,0,0,4.9,5.0,5.0,5.1,0,0,0,0,0,,,,,,,,
1204,438,18/07/2025 12:46 a. m.,0,0,0,0,0,1.2,,,5,12:10,10,0,0,2,0,91,96,97,92,0,0,0,0,4.8,4.5,4.3,5.0,0,0,0,0,0,,,,,,,,
6211,419,18/07/2025 05:36 a. m.,0,0,0,0,0,1.2,,,3,11:01,5,0,0,0,0,94,107,0,107,1,0,0,0,4.7,4.8,,4.9,0,0,,0,0,,,,,,,,
6003,100,18/07/2025 09:53 a. m.,2,0,0,0,0,1.1,,,0,07:19,1,0,0,3,0,76,89,204,93,2,0,0,0,5.3,5.3,5.6,5.1,0,0,0,0,0,,,,,,,,
1497,0,18/07/2025 09:25 a. m.,0,0,0,0,0,1.1,,,0,,1,0,0,0,0,0,0,0,0,0,0,0,0,4.2,4.8,4.6,4.2,7997,887,7992,3890,0,,,,,,,,
6238,20,18/07/2025 01:33 a. m.,0,0,0,0,0,1.1,,,0,08:03,9,0,0,0,0,92,106,103,97,1,0,0,1,5.4,5.1,5.3,5.7,0,0,0,0,0,,,,,,,ALTA,05/05/2022
8775,5,18/07/2025 08:26 a. m.,0,0,0,0,0,1.1,,,2,08:48,2,0,0,0,0,97,97,84,101,0,0,0,1,4.9,4.8,4.9,5.1,0,0,0,0,0,,,,,,,,
6194,255,18/07/2025 09:45 a. m.,0,0,0,0,0,1.1,,,0,08:31,1,0,0,0,0,110,114,110,109,0,0,0,0,5.0,5.4,5.2,5.3,0,0,0,0,0,,,,,,,,
8794,36,18/07/2025 04:01 a. m.,0,0,0,0,0,1.1,,,5,14:09,7,0,0,0,0,109,111,118,112,0,0,0,0,4.3,4.4,4.3,4.4,0,0,0,0,0,,,,,,,,
1634,34,18/07/2025 06:17 a. m.,0,0,0,0,0,1.1,,,1,08:08,5,0,0,0,1,119,123,125,115,1,0,0,0,4.9,5.0,4.9,5.2,0,0,0,0,0,,,,,,,,
1221,22,18/07/2025 06:59 a. m.,0,0,0,0,0,1.1,,,0,06:33,4,0,0,0,0,96,101,102,110,0,0,0,0,5.3,4.9,5.2,5.2,0,0,0,0,0,,,,,,,,
8712,226,18/07/2025 05:47 a. m.,0,0,0,0,0,1.1,,,1,10:19,5,0,0,0,0,90,105,91,100,0,0,0,0,4.7,4.6,4.6,4.9,0,0,0,0,0,,,,,,,,
1572,30,18/07/2025 09:09 a. m.,0,0,0,0,0,1.1,,,3,09:20,2,0,0,0,0,83,105,95,98,0,0,0,0,5.3,5.2,5.1,5.3,0,0,0,0,0,,,,,,,,
2082,292,18/07/2025 08:06 a. m.,0,0,0,0,0,1.1,,,6,11:23,3,0,0,0,0,108,108,112,112,0,1,0,0,4.7,4.8,4.7,4.7,0,0,0,0,0,,,,,,,,
6232,10,18/07/2025 05:27 a. m.,0,0,0,0,0,1.1,,,2,06:22,5,0,0,0,0,245,243,269,0,0,0,0,0,5.1,4.9,4.9,,0,0,0,,0,,,,,,,,
2072,14,18/07/2025 07:37 a. m.,0,0,0,0,0,1.1,,,0,08:30,3,0,0,0,0,107,105,119,119,0,0,0,2,4.6,4.7,4.8,4.8,0,0,0,0,0,,,,,,,,
8709,88,18/07/2025 09:38 a. m.,0,0,0,0,0,1.0,,,0,08:26,1,0,0,0,0,116,96,99,107,0,0,1,5,4.6,4.8,4.8,4.9,0,0,0,0,0,,,,,,,,
8758,61,18/07/2025 06:53 a. m.,0,0,0,0,0,1.0,,,1,10:19,4,0,0,0,1,99,104,186,90,0,0,0,0,4.8,4.8,4.9,4.8,0,0,0,0,0,,,,,,,,
8779,90,18/07/2025 01:13 a. m.,0,0,0,0,0,1.0,,,0,09:37,10,0,0,0,0,94,98,94,93,0,0,0,0,4.8,4.7,4.8,4.9,0,0,0,0,0,,,,,,,,
8732,250,18/07/2025 06:25 a. m.,0,0,0,0,0,1.0,,,1,09:09,,1,1,2,1,0,29,145,99,0,0,1,0,0.0,4.1,4.3,4.1,0,0,0,0,0,,,,,,,,
6036,298,18/07/2025 10:05 a. m.,0,0,0,0,0,1.0,,,0,09:23,1,0,0,0,0,103,107,102,102,9,0,0,2,4.9,4.9,4.7,4.8,0,0,0,0,0,,,,,,,,
8755,189,17/07/2025 11:08 p. m.,0,0,0,0,0,1.0,,,3,09:22,90,2,1,4,3,4,113,64,106,1,0,1,0,1.9,4.3,4.2,4.1,0,0,0,0,0,,,,,,,,
1243,323,17/07/2025 11:37 p. m.,0,0,0,0,0,1.0,,,5,12:03,11,0,0,1,0,87,84,94,103,1,1,1,2,4.3,4.4,4.3,4.2,0,0,0,0,0,,,,,,,,
8782,95,18/07/2025 01:23 a. m.,0,0,0,0,0,1.0,,,6,11:38,9,1,0,1,1,113,113,108,112,0,0,0,0,4.3,4.5,4.2,4.3,0,0,0,0,0,,,,,,,,
8792,28,18/07/2025 07:46 a. m.,0,1,0,0,0,,,,5,10:25,3,1,0,2,3,23,148,155,165,0,0,0,3,4.8,5.0,5.2,2.4,0,0,0,0,0,,,,,,,,