Número del animal;Nombre del grupo;Nombre(s) de selección de animal;#Pezones no encontrados en último ordeño;Días de ordeño en el año en curso 3 - 0;Media diaria de pasos por puerta últimos 7 días;Media MDI últimos 3 días;Ordeño desde 22/03/2025 hasta 18/07/2025;Estado de la reproducción;Días en ordeño;Días preñada;Días desde el último celo;Días desde el último control de gest.;Días desde el último secado;Días desde la última inseminación;Días desde la última inseminación fecundante;Días desde próximo celo;Días Desde Último Aborto;Días desde último evento de parto;Días desde el último tratamiento de inseminación artificial temporizada;Días desde el último tratamiento de salud;Días desde el último tratamiento de vacunación
6003;VMS 3;Grupo 6;;;10.00;1.34;298;Inseminada;100;;14;;;14;;7;;100;;9;
6036;VMS 3;Grupo 6;;31;9.71;1.06;331;Preñada;298;201;201;50;;201;201;;;298;;274;1,091
6178;VMS 3;Grupo 6;1;31;3.43;2.10;198;Preñada;264;166;166;15;;166;166;;;264;;108;
6194;VMS 3;Grupo 6;;14;11.57;1.09;112;Preñada;255;93;93;1;;93;93;;;255;1,121;228;
6191;VMS 3;Grupo 6;;;14.43;1.57;250;Abierta;89;;;;;;;;757;89;;71;
6211;VMS 3;Grupo 6;;31;6.29;1.14;257;Preñada;419;116;116;71;;116;116;;232;419;1,121;6;
1554;VMS 3;Grupo 6;;31;9.57;2.16;220;Preñada;158;77;77;29;;77;77;;;158;;41;
1572;VMS 3;Grupo 6;;31;9.00;1.11;135;Fresca;30;;;;;;;;;30;;35;
8709;VMS 3;Grupo 6;;;8.57;1.07;246;Abierta;88;;;;;;;;;88;1,142;71;
1624;VMS 3;Grupo 6;;31;11.43;1.26;285;Preñada;335;203;203;113;;203;203;;1100;335;;211;
1634;VMS 3;Grupo 6;;25;11.43;1.07;85;Fresca;34;;;;;;;;;34;1,107;48;
2076;VMS 3;Grupo 6;;31;9.43;1.35;283;Inseminada;354;;12;29;;12;;9;;354;1,079;29;
2072;VMS 3;Grupo 6;;31;7.86;1.03;97;Fresca;14;;;;;;;;;14;;35;
2078;VMS 3;Grupo 6;;31;15.57;1.49;299;Abierta;396;;236;;;236;236;;43;396;;1;
2082;VMS 3;Grupo 6;;31;6.00;1.18;229;Preñada;292;180;180;29;;180;180;;687;292;1,051;190;793
1613;VMS 3;Grupo 6;;31;10.57;1.06;352;Preñada;329;203;203;50;;203;203;;;329;1,135;211;
6232;VMS 3;Grupo 6;;26;1.71;1.10;18;Fresca;10;;;;;;;;;10;1,152;1;
6238;VMS 3;Grupo 6;;30;7.43;1.27;73;Fresca;20;;;;;;;;;20;1,153;35;
1204;VMS 3;Grupo 6;;31;10.86;1.14;218;Preñada;438;90;90;29;;90;90;;;438;736;99;793
1221;VMS 3;Grupo 6;;31;12.00;1.07;114;Fresca;22;;;;;;;;;22;659;34;793
1233;VMS 3;Grupo 6;;31;8.86;1.12;236;Preñada;359;154;154;1;;154;154;;;359;;204;
8712;VMS 3;Grupo 6;;31;11.00;1.12;283;Inseminada;226;;13;50;;13;;8;;226;;45;
8729;VMS 3;Grupo 6;;29;7.29;1.14;233;Inseminada;180;;13;29;;13;;8;;180;;29;
8732;VMS 3;Grupo 6;1;31;11.29;1.09;285;Preñada;250;143;143;50;;143;143;;;250;526;261;
8755;VMS 3;Grupo 6;1;31;11.00;1.55;248;Preñada;189;117;117;71;;117;117;;;189;463;200;
8758;VMS 3;Grupo 6;;;5.71;1.12;118;Abierta;61;;;;;;;;;61;456;85;
8771;VMS 3;Grupo 6;;;2.14;1.94;7;Fresca;4;;;;;;;;;4;414;1;
8775;VMS 3;Grupo 6;;;5.29;1.12;10;Fresca;5;;;;;;;;;5;;35;
8777;VMS 3;Grupo 6;;;15.29;1.11;68;Fresca;42;;;;;;;;;42;358;48;
8779;VMS 3;Grupo 6;;;11.86;1.07;165;Inseminada;90;;21;;;21;;0;;90;;71;
8782;VMS 3;Grupo 6;;;8.57;1.14;156;Inseminada;95;;6;;;6;;15;95;;358;71;
8792;VMS 3;Grupo 6;;;4.14;1.25;42;Fresca;28;;;;;;;;;28;;48;
8794;VMS 3;Grupo 6;;;4.14;1.09;48;Fresca;36;;;;;;;;;36;323;48;
1497;VMS 3;Grupo 6;;;0.00;;1;Fresca;;;;;;;;;;;274;18;
